cpf,nome,cep,endereco,bairro,cidade,complemento,email,re
87558055156,Ana Santos,04280130,Rua Central,Vila Nair,São Paulo,Apto 11,ana.santos@empresa.com,
21818191229,Bruno Rocha,04280130,Rua Central,Vila Nair,São Paulo,Apto 12,bruno.rocha@empresa.com,
07037542970,Celia Xavier,04280130,Rua Central,Vila Nair,São Paulo,Apto 13,celia.xavier@empresa.com,
33223462856,Daniel Lima,04280130,Rua Central,Vila Nair,São Paulo,Apto 14,daniel.lima@empresa.com,
66396774666,Eduarda Ferreira,04280130,Rua Central,Vila Nair,São Paulo,Apto 15,eduarda.ferreira@empresa.com,
92256865959,Fabio Gonzaga,04280130,Rua Central,Vila Nair,São Paulo,Apto 16,fabio.gonzaga@empresa.com,
22414523603,Gabriela Helen,04280130,Rua Central,Vila Nair,São Paulo,Apto 17,gabriela.helen@empresa.com,
66258956440,Henrique Ibanez,04280130,Rua Central,Vila Nair,São Paulo,Apto 18,henrique.ibanez@empresa.com,
81438717890,Isabela Jorge,04280130,Rua Central,Vila Nair,São Paulo,Apto 19,isabela.jorge@empresa.com,
47203247031,Carlos Silva,04280130,Rua Central,Vila Nair,São Paulo,Apto 20,carlos.silva@empresa.com,
52462678140,Ana Santos,04280130,Rua Central,Vila Nair,São Paulo,Apto 21,ana.santos@empresa.com,
67284905077,Bruno Rocha,04280130,Rua Central,Vila Nair,São Paulo,Apto 22,bruno.rocha@empresa.com,
54100758200,Celia Xavier,04280130,Rua Central,Vila Nair,São Paulo,Apto 23,celia.xavier@empresa.com,
17094383550,Daniel Lima,04280130,Rua Central,Vila Nair,São Paulo,Apto 24,daniel.lima@empresa.com,
77364359362,Eduarda Ferreira,04280130,Rua Central,Vila Nair,São Paulo,Apto 25,eduarda.ferreira@empresa.com,
62678211371,Fabio Gonzaga,04280130,Rua Central,Vila Nair,São Paulo,Apto 26,fabio.gonzaga@empresa.com,
40434014184,Gabriela Helen,04280130,Rua Central,Vila Nair,São Paulo,Apto 27,gabriela.helen@empresa.com,
54842980168,Henrique Ibanez,04280130,Rua Central,Vila Nair,São Paulo,Apto 28,henrique.ibanez@empresa.com,
21319803458,Isabela Jorge,04280130,Rua Central,Vila Nair,São Paulo,Apto 29,isabela.jorge@empresa.com,
26559610721,Carlos Silva,04280130,Rua Central,Vila Nair,São Paulo,Apto 30,carlos.silva@empresa.com,
26343023127,Ana Santos,04280130,Rua Central,Vila Nair,São Paulo,Apto 31,ana.santos@empresa.com,
34317529696,Bruno Rocha,04280130,Rua Central,Vila Nair,São Paulo,Apto 32,bruno.rocha@empresa.com,
36524283589,Celia Xavier,04280130,Rua Central,Vila Nair,São Paulo,Apto 33,celia.xavier@empresa.com,
73933910153,Daniel Lima,04280130,Rua Central,Vila Nair,São Paulo,Apto 34,daniel.lima@empresa.com,
58515470225,Eduarda Ferreira,04280130,Rua Central,Vila Nair,São Paulo,Apto 35,eduarda.ferreira@empresa.com,
45382630526,Fabio Gonzaga,04280130,Rua Central,Vila Nair,São Paulo,Apto 36,fabio.gonzaga@empresa.com,
44536200045,Gabriela Helen,04280130,Rua Central,Vila Nair,São Paulo,Apto 37,gabriela.helen@empresa.com,
25925130197,Henrique Ibanez,04280130,Rua Central,Vila Nair,São Paulo,Apto 38,henrique.ibanez@empresa.com,
87801869559,Isabela Jorge,04280130,Rua Central,Vila Nair,São Paulo,Apto 39,isabela.jorge@empresa.com,
46950536240,Carlos Silva,04280130,Rua Central,Vila Nair,São Paulo,Apto 40,carlos.silva@empresa.com,
56328413750,Ana Santos,04280130,Rua Central,Vila Nair,São Paulo,Apto 41,ana.santos@empresa.com,
80670757942,Bruno Rocha,04280130,Rua Central,Vila Nair,São Paulo,Apto 42,bruno.rocha@empresa.com,
07755494799,Celia Xavier,04280130,Rua Central,Vila Nair,São Paulo,Apto 43,celia.xavier@empresa.com,
09440666668,Daniel Lima,04280130,Rua Central,Vila Nair,São Paulo,Apto 44,daniel.lima@empresa.com,
48977827086,Eduarda Ferreira,04280130,Rua Central,Vila Nair,São Paulo,Apto 45,eduarda.ferreira@empresa.com,
92617664635,Fabio Gonzaga,04280130,Rua Central,Vila Nair,São Paulo,Apto 46,fabio.gonzaga@empresa.com,
73600432044,Gabriela Helen,04280130,Rua Central,Vila Nair,São Paulo,Apto 47,gabriela.helen@empresa.com,
45575292088,Henrique Ibanez,04280130,Rua Central,Vila Nair,São Paulo,Apto 48,henrique.ibanez@empresa.com,
96611684581,Isabela Jorge,04280130,Rua Central,Vila Nair,São Paulo,Apto 49,isabela.jorge@empresa.com,
10720346622,Carlos Silva,04280130,Rua Central,Vila Nair,São Paulo,Apto 50,carlos.silva@empresa.com,
56043703718,Ana Santos,04280130,Rua Central,Vila Nair,São Paulo,Apto 51,ana.santos@empresa.com,
36509643685,Bruno Rocha,04280130,Rua Central,Vila Nair,São Paulo,Apto 52,bruno.rocha@empresa.com,
16105121628,Celia Xavier,04280130,Rua Central,Vila Nair,São Paulo,Apto 53,celia.xavier@empresa.com,
54731888000,Daniel Lima,04280130,Rua Central,Vila Nair,São Paulo,Apto 54,daniel.lima@empresa.com,
33407877358,Eduarda Ferreira,04280130,Rua Central,Vila Nair,São Paulo,Apto 55,eduarda.ferreira@empresa.com,
38630092076,Fabio Gonzaga,04280130,Rua Central,Vila Nair,São Paulo,Apto 56,fabio.gonzaga@empresa.com,
11014800170,Gabriela Helen,04280130,Rua Central,Vila Nair,São Paulo,Apto 57,gabriela.helen@empresa.com,
01919156534,Henrique Ibanez,04280130,Rua Central,Vila Nair,São Paulo,Apto 58,henrique.ibanez@empresa.com,
48124357811,Isabela Jorge,04280130,Rua Central,Vila Nair,São Paulo,Apto 59,isabela.jorge@empresa.com,
69267476793,Carlos Silva,04280130,Rua Central,Vila Nair,São Paulo,Apto 60,carlos.silva@empresa.com,
99000923840,Ana Santos,04280130,Rua Central,Vila Nair,São Paulo,Apto 61,ana.santos@empresa.com,
21649981970,Bruno Rocha,04280130,Rua Central,Vila Nair,São Paulo,Apto 62,bruno.rocha@empresa.com,
01418800821,Celia Xavier,04280130,Rua Central,Vila Nair,São Paulo,Apto 63,celia.xavier@empresa.com,
58482181106,Daniel Lima,04280130,Rua Central,Vila Nair,São Paulo,Apto 64,daniel.lima@empresa.com,
74948544019,Eduarda Ferreira,04280130,Rua Central,Vila Nair,São Paulo,Apto 65,eduarda.ferreira@empresa.com,
20924888210,Fabio Gonzaga,04280130,Rua Central,Vila Nair,São Paulo,Apto 66,fabio.gonzaga@empresa.com,
89933594907,Gabriela Helen,04280130,Rua Central,Vila Nair,São Paulo,Apto 67,gabriela.helen@empresa.com,
11193576911,Henrique Ibanez,04280130,Rua Central,Vila Nair,São Paulo,Apto 68,henrique.ibanez@empresa.com,
79273051820,Isabela Jorge,04280130,Rua Central,Vila Nair,São Paulo,Apto 69,isabela.jorge@empresa.com,
67099198548,Carlos Silva,04280130,Rua Central,Vila Nair,São Paulo,Apto 70,carlos.silva@empresa.com,
44158725739,Ana Santos,04280130,Rua Central,Vila Nair,São Paulo,Apto 71,ana.santos@empresa.com,
02314434471,Bruno Rocha,04280130,Rua Central,Vila Nair,São Paulo,Apto 72,bruno.rocha@empresa.com,
87844269774,Celia Xavier,04280130,Rua Central,Vila Nair,São Paulo,Apto 73,celia.xavier@empresa.com,
28788820408,Daniel Lima,04280130,Rua Central,Vila Nair,São Paulo,Apto 74,daniel.lima@empresa.com,
93497043400,Eduarda Ferreira,04280130,Rua Central,Vila Nair,São Paulo,Apto 75,eduarda.ferreira@empresa.com,
88342138828,Fabio Gonzaga,04280130,Rua Central,Vila Nair,São Paulo,Apto 76,fabio.gonzaga@empresa.com,
80080188524,Gabriela Helen,04280130,Rua Central,Vila Nair,São Paulo,Apto 77,gabriela.helen@empresa.com,
40447349686,Henrique Ibanez,04280130,Rua Central,Vila Nair,São Paulo,Apto 78,henrique.ibanez@empresa.com,
71885794584,Isabela Jorge,04280130,Rua Central,Vila Nair,São Paulo,Apto 79,isabela.jorge@empresa.com,
58822959710,Carlos Silva,04280130,Rua Central,Vila Nair,São Paulo,Apto 80,carlos.silva@empresa.com,
93723193170,Ana Santos,04280130,Rua Central,Vila Nair,São Paulo,Apto 81,ana.santos@empresa.com,
01560827645,Bruno Rocha,04280130,Rua Central,Vila Nair,São Paulo,Apto 82,bruno.rocha@empresa.com,
00319078221,Celia Xavier,04280130,Rua Central,Vila Nair,São Paulo,Apto 83,celia.xavier@empresa.com,
93997703892,Daniel Lima,04280130,Rua Central,Vila Nair,São Paulo,Apto 84,daniel.lima@empresa.com,
87119638831,Eduarda Ferreira,04280130,Rua Central,Vila Nair,São Paulo,Apto 85,eduarda.ferreira@empresa.com,
21925763072,Fabio Gonzaga,04280130,Rua Central,Vila Nair,São Paulo,Apto 86,fabio.gonzaga@empresa.com,
55341529588,Gabriela Helen,04280130,Rua Central,Vila Nair,São Paulo,Apto 87,gabriela.helen@empresa.com,
70425907678,Henrique Ibanez,04280130,Rua Central,Vila Nair,São Paulo,Apto 88,henrique.ibanez@empresa.com,
27483394870,Isabela Jorge,04280130,Rua Central,Vila Nair,São Paulo,Apto 89,isabela.jorge@empresa.com,
94924013803,Carlos Silva,04280130,Rua Central,Vila Nair,São Paulo,Apto 90,carlos.silva@empresa.com,
32267363372,Ana Santos,04280130,Rua Central,Vila Nair,São Paulo,Apto 91,ana.santos@empresa.com,
63637632403,Bruno Rocha,04280130,Rua Central,Vila Nair,São Paulo,Apto 92,bruno.rocha@empresa.com,
69310848448,Celia Xavier,04280130,Rua Central,Vila Nair,São Paulo,Apto 93,celia.xavier@empresa.com,
05031870540,Daniel Lima,04280130,Rua Central,Vila Nair,São Paulo,Apto 94,daniel.lima@empresa.com,
67948452451,Eduarda Ferreira,04280130,Rua Central,Vila Nair,São Paulo,Apto 95,eduarda.ferreira@empresa.com,
17791972255,Fabio Gonzaga,04280130,Rua Central,Vila Nair,São Paulo,Apto 96,fabio.gonzaga@empresa.com,
61184815127,Gabriela Helen,04280130,Rua Central,Vila Nair,São Paulo,Apto 97,gabriela.helen@empresa.com,
78067866945,Henrique Ibanez,04280130,Rua Central,Vila Nair,São Paulo,Apto 98,henrique.ibanez@empresa.com,
42388849730,Isabela Jorge,04280130,Rua Central,Vila Nair,São Paulo,Apto 99,isabela.jorge@empresa.com,
77870676675,Carlos Silva,04280130,Rua Central,Vila Nair,São Paulo,Apto 100,carlos.silva@empresa.com,
09714206456,Ana Santos,04280130,Rua Central,Vila Nair,São Paulo,Apto 101,ana.santos@empresa.com,
02620741092,Bruno Rocha,04280130,Rua Central,Vila Nair,São Paulo,Apto 102,bruno.rocha@empresa.com,
65794938790,Celia Xavier,04280130,Rua Central,Vila Nair,São Paulo,Apto 103,celia.xavier@empresa.com,
55803084263,Daniel Lima,04280130,Rua Central,Vila Nair,São Paulo,Apto 104,daniel.lima@empresa.com,
60464089387,Eduarda Ferreira,04280130,Rua Central,Vila Nair,São Paulo,Apto 105,eduarda.ferreira@empresa.com,
48985350463,Fabio Gonzaga,04280130,Rua Central,Vila Nair,São Paulo,Apto 106,fabio.gonzaga@empresa.com,
85187926730,Gabriela Helen,04280130,Rua Central,Vila Nair,São Paulo,Apto 107,gabriela.helen@empresa.com,
24726955861,Henrique Ibanez,04280130,Rua Central,Vila Nair,São Paulo,Apto 108,henrique.ibanez@empresa.com,
50392798921,Isabela Jorge,04280130,Rua Central,Vila Nair,São Paulo,Apto 109,isabela.jorge@empresa.com,
40600117707,Carlos Silva,04280130,Rua Central,Vila Nair,São Paulo,Apto 110,carlos.silva@empresa.com,
